{
  "timestamp": "2025-12-24T08:37:14.989114",
  "system_info": {
    "initial_metrics": {
      "cpu_time_user": 0.056635,
      "cpu_time_system": 0.012986,
      "memory_usage_kb": 26443776,
      "load_average": [
        5.9169921875,
        5.314453125,
        4.890625
      ],
      "process_count": 100
    },
    "final_metrics": {
      "cpu_time_user": 0.057176,
      "cpu_time_system": 0.013210999999999999,
      "memory_usage_kb": 26443776,
      "load_average": [
        5.9169921875,
        5.314453125,
        4.890625
      ],
      "process_count": 100
    }
  },
  "ai_results": [
    {
      "x": 7.075560453132624,
      "w_sample": [
        1.46,
        1.57,
        5.83,
        9.15,
        4.0
      ],
      "b_sample": [
        2.79,
        6.98,
        5.14,
        2.66,
        2.14
      ],
      "y_values": [
        13.12031826157363,
        18.08862991141822,
        46.3905174417632,
        67.40137814616351,
        30.442241812530497
      ],
      "processing_time_ms": 0.028848648071289062,
      "response": "AI processing complete for: Explain AI fundamentals..."
    },
    {
      "x": 7.150438532035435,
      "w_sample": [
        1.85,
        2.37,
        0.16,
        2.15,
        6.66
      ],
      "b_sample": [
        0.2,
        8.92,
        2.35,
        6.75,
        5.97
      ],
      "y_values": [
        13.428311284265554,
        25.866539320923984,
        3.4940701651256694,
        22.123442843876184,
        53.591920623355996
      ],
      "processing_time_ms": 0.09703636169433594,
      "response": "AI processing complete for: How does y = w*x + b work?..."
    },
    {
      "x": 4.384374803487299,
      "w_sample": [
        1.6,
        2.59,
        4.87,
        4.25,
        5.46
      ],
      "b_sample": [
        1.95,
        7.6,
        8.57,
        1.41,
        0.38
      ],
      "y_values": [
        8.964999685579679,
        18.955530741032106,
        29.921905292983148,
        20.043592914821023,
        24.318686427040653
      ],
      "processing_time_ms": 0.03528594970703125,
      "response": "AI processing complete for: Machine learning basics..."
    },
    {
      "x": 9.932332769951861,
      "w_sample": [
        7.69,
        8.96,
        4.99,
        0.57,
        3.48
      ],
      "b_sample": [
        7.1,
        6.29,
        8.7,
        3.26,
        6.31
      ],
      "y_values": [
        83.47963900092981,
        95.28370161876869,
        58.26234052205979,
        8.92142967887256,
        40.87451803943248
      ],
      "processing_time_ms": 0.035762786865234375,
      "response": "AI processing complete for: Neural network concepts..."
    },
    {
      "x": 5.6536456257229775,
      "w_sample": [
        9.74,
        0.66,
        2.09,
        4.03,
        6.58
      ],
      "b_sample": [
        4.92,
        3.29,
        9.04,
        4.25,
        9.47
      ],
      "y_values": [
        59.9865083945418,
        7.021406112977165,
        20.85611935776102,
        27.0341918716636,
        46.67098821725719
      ],
      "processing_time_ms": 0.053882598876953125,
      "response": "AI processing complete for: Performance optimization techn..."
    }
  ],
  "performance_summary": {
    "avg_processing_time_ms": 0.05621910095214844,
    "total_processing_time_ms": 0.2810955047607422,
    "memory_growth_mb": 0.0,
    "cpu_utilization_percent": 3.984357523449537e-09,
    "load_average": [
      5.9169921875,
      5.314453125,
      4.890625
    ],
    "total_requests": 5
  },
  "recommendations": [
    "\ud83d\udfe2 CPU usage is optimal",
    "\ud83d\udfe2 Memory usage is optimal",
    "\ud83d\udfe2 Processing time is optimal"
  ]
}