{
  "timestamp": "2025-12-24T08:42:36.008186",
  "system_info": {
    "initial_metrics": {
      "cpu_time_user": 0.056750999999999996,
      "cpu_time_system": 0.011457,
      "memory_usage_kb": 26034176,
      "load_average": [
        4.931640625,
        5.27880859375,
        5.015625
      ],
      "process_count": 100
    },
    "final_metrics": {
      "cpu_time_user": 0.057267,
      "cpu_time_system": 0.011651,
      "memory_usage_kb": 26034176,
      "load_average": [
        4.931640625,
        5.27880859375,
        5.015625
      ],
      "process_count": 100
    }
  },
  "ai_results": [
    {
      "x": 7.075560453132624,
      "w_sample": [
        5.64,
        5.91,
        0.82,
        7.3,
        9.4
      ],
      "b_sample": [
        3.36,
        4.01,
        4.66,
        5.66,
        8.42
      ],
      "y_values": [
        43.266160955668,
        45.82656227801381,
        10.461959571568752,
        57.311591307868156,
        74.93026825944668
      ],
      "processing_time_ms": 0.025987625122070312,
      "response": "AI processing complete for: Explain AI fundamentals..."
    },
    {
      "x": 7.150438532035435,
      "w_sample": [
        2.9,
        3.53,
        1.94,
        2.5,
        9.02
      ],
      "b_sample": [
        5.67,
        9.65,
        7.95,
        9.74,
        7.29
      ],
      "y_values": [
        26.40627174290276,
        34.89104801808509,
        21.821850752148745,
        27.616096330088588,
        71.78695555895962
      ],
      "processing_time_ms": 0.03814697265625,
      "response": "AI processing complete for: How does y = w*x + b work?..."
    },
    {
      "x": 4.384374803487299,
      "w_sample": [
        7.93,
        5.98,
        3.14,
        1.05,
        6.43
      ],
      "b_sample": [
        6.48,
        0.54,
        6.86,
        1.59,
        6.9
      ],
      "y_values": [
        41.24809219165428,
        26.75856132485405,
        20.62693688295012,
        6.193593543661664,
        35.09152998642333
      ],
      "processing_time_ms": 0.04315376281738281,
      "response": "AI processing complete for: Machine learning basics..."
    },
    {
      "x": 9.932332769951861,
      "w_sample": [
        1.44,
        5.41,
        2.43,
        0.44,
        8.22
      ],
      "b_sample": [
        4.16,
        9.17,
        2.45,
        0.38,
        4.95
      ],
      "y_values": [
        18.46255918873068,
        62.90392028543957,
        26.585568630983023,
        4.750226418778819,
        86.5937753690043
      ],
      "processing_time_ms": 0.0782012939453125,
      "response": "AI processing complete for: Neural network concepts..."
    },
    {
      "x": 5.6536456257229775,
      "w_sample": [
        5.48,
        0.06,
        9.98,
        7.16,
        7.78
      ],
      "b_sample": [
        7.38,
        7.09,
        6.47,
        6.97,
        3.35
      ],
      "y_values": [
        38.36197802896192,
        7.429218737543378,
        62.89338334471532,
        47.45010268017652,
        47.33536296812477
      ],
      "processing_time_ms": 0.09298324584960938,
      "response": "AI processing complete for: Performance optimization techn..."
    }
  ],
  "performance_summary": {
    "avg_processing_time_ms": 0.06046295166015625,
    "total_processing_time_ms": 0.30231475830078125,
    "memory_growth_mb": 0.0,
    "cpu_utilization_percent": 3.901201953522452e-09,
    "load_average": [
      4.931640625,
      5.27880859375,
      5.015625
    ],
    "total_requests": 5
  },
  "recommendations": [
    "\ud83d\udfe2 CPU usage is optimal",
    "\ud83d\udfe2 Memory usage is optimal",
    "\ud83d\udfe2 Processing time is optimal"
  ]
}