{
  "timestamp": "2025-12-24T08:41:28.067759",
  "system_info": {
    "initial_metrics": {
      "cpu_time_user": 0.051937,
      "cpu_time_system": 0.009956999999999999,
      "memory_usage_kb": 25886720,
      "load_average": [
        4.99169921875,
        5.24560546875,
        4.97607421875
      ],
      "process_count": 100
    },
    "final_metrics": {
      "cpu_time_user": 0.05244,
      "cpu_time_system": 0.010199,
      "memory_usage_kb": 25886720,
      "load_average": [
        4.99169921875,
        5.24560546875,
        4.97607421875
      ],
      "process_count": 100
    }
  },
  "ai_results": [
    {
      "x": 7.075560453132624,
      "w_sample": [
        3.68,
        4.54,
        2.62,
        3.76,
        2.58
      ],
      "b_sample": [
        9.79,
        8.46,
        0.63,
        3.92,
        6.24
      ],
      "y_values": [
        35.828062467528056,
        40.583044457222115,
        19.167968387207473,
        30.524107303778663,
        24.494945969082174
      ],
      "processing_time_ms": 0.027179718017578125,
      "response": "AI processing complete for: Explain AI fundamentals..."
    },
    {
      "x": 7.150438532035435,
      "w_sample": [
        9.34,
        4.33,
        9.71,
        1.11,
        4.69
      ],
      "b_sample": [
        7.93,
        5.86,
        5.55,
        7.01,
        3.86
      ],
      "y_values": [
        74.71509588921097,
        36.82139884371343,
        74.98075814606408,
        14.946986770559333,
        37.395556715246194
      ],
      "processing_time_ms": 0.04410743713378906,
      "response": "AI processing complete for: How does y = w*x + b work?..."
    },
    {
      "x": 4.384374803487299,
      "w_sample": [
        1.0,
        2.48,
        5.83,
        3.87,
        2.26
      ],
      "b_sample": [
        0.45,
        5.39,
        1.59,
        8.99,
        4.33
      ],
      "y_values": [
        4.834374803487299,
        16.2632495126485,
        27.150905104330953,
        25.957530489495845,
        14.238687055881295
      ],
      "processing_time_ms": 0.10323524475097656,
      "response": "AI processing complete for: Machine learning basics..."
    },
    {
      "x": 9.932332769951861,
      "w_sample": [
        5.89,
        0.25,
        6.27,
        2.35,
        8.15
      ],
      "b_sample": [
        2.2,
        2.82,
        7.35,
        6.77,
        0.71
      ],
      "y_values": [
        60.70144001501646,
        5.303083192487965,
        69.62572646759816,
        30.110982009386873,
        81.65851207510767
      ],
      "processing_time_ms": 0.03695487976074219,
      "response": "AI processing complete for: Neural network concepts..."
    },
    {
      "x": 5.6536456257229775,
      "w_sample": [
        2.04,
        2.79,
        2.1,
        8.38,
        2.48
      ],
      "b_sample": [
        4.88,
        8.34,
        2.25,
        4.25,
        5.14
      ],
      "y_values": [
        16.413437076474874,
        24.113671295767105,
        14.122655814018254,
        51.62755034355855,
        19.161041151792983
      ],
      "processing_time_ms": 0.09107589721679688,
      "response": "AI processing complete for: Performance optimization techn..."
    }
  ],
  "performance_summary": {
    "avg_processing_time_ms": 0.06556510925292969,
    "total_processing_time_ms": 0.32782554626464844,
    "memory_growth_mb": 0.0,
    "cpu_utilization_percent": 3.5457703149367328e-09,
    "load_average": [
      4.99169921875,
      5.24560546875,
      4.97607421875
    ],
    "total_requests": 5
  },
  "recommendations": [
    "\ud83d\udfe2 CPU usage is optimal",
    "\ud83d\udfe2 Memory usage is optimal",
    "\ud83d\udfe2 Processing time is optimal"
  ]
}