{
  "timestamp": "2025-12-24T08:43:29.522390",
  "system_info": {
    "initial_metrics": {
      "cpu_time_user": 0.057325999999999995,
      "cpu_time_system": 0.010992,
      "memory_usage_kb": 26214400,
      "load_average": [
        6.3583984375,
        5.4892578125,
        5.10107421875
      ],
      "process_count": 100
    },
    "final_metrics": {
      "cpu_time_user": 0.057856,
      "cpu_time_system": 0.011275,
      "memory_usage_kb": 26214400,
      "load_average": [
        6.3583984375,
        5.4892578125,
        5.10107421875
      ],
      "process_count": 100
    }
  },
  "ai_results": [
    {
      "x": 7.075560453132624,
      "w_sample": [
        8.2,
        6.74,
        7.72,
        5.93,
        3.45
      ],
      "b_sample": [
        4.66,
        1.2,
        7.76,
        8.34,
        7.43
      ],
      "y_values": [
        62.67959571568751,
        48.88927745411389,
        62.38332669818386,
        50.298073487076465,
        31.840683563307554
      ],
      "processing_time_ms": 0.025987625122070312,
      "response": "AI processing complete for: Explain AI fundamentals..."
    },
    {
      "x": 7.150438532035435,
      "w_sample": [
        9.97,
        5.69,
        4.27,
        6.98,
        4.18
      ],
      "b_sample": [
        9.85,
        3.08,
        8.72,
        0.77,
        4.13
      ],
      "y_values": [
        81.13987216439328,
        43.76599524728162,
        39.2523725317913,
        50.68006095360734,
        34.01883306390812
      ],
      "processing_time_ms": 0.09894371032714844,
      "response": "AI processing complete for: How does y = w*x + b work?..."
    },
    {
      "x": 4.384374803487299,
      "w_sample": [
        9.85,
        3.98,
        6.77,
        1.49,
        1.55
      ],
      "b_sample": [
        3.64,
        6.92,
        4.03,
        6.84,
        7.3
      ],
      "y_values": [
        46.826091814349894,
        24.36981171787945,
        33.71221741960901,
        13.372718457196076,
        14.095780945405313
      ],
      "processing_time_ms": 0.1862049102783203,
      "response": "AI processing complete for: Machine learning basics..."
    },
    {
      "x": 9.932332769951861,
      "w_sample": [
        3.33,
        5.19,
        9.9,
        2.78,
        7.08
      ],
      "b_sample": [
        8.14,
        2.81,
        3.98,
        4.4,
        5.75
      ],
      "y_values": [
        41.214668123939695,
        54.35880707605016,
        102.31009442252343,
        32.01188510046617,
        76.07091601125917
      ],
      "processing_time_ms": 0.41604042053222656,
      "response": "AI processing complete for: Neural network concepts..."
    },
    {
      "x": 5.6536456257229775,
      "w_sample": [
        4.13,
        3.92,
        4.45,
        1.02,
        5.93
      ],
      "b_sample": [
        6.66,
        5.74,
        0.6,
        8.28,
        1.15
      ],
      "y_values": [
        30.009556434235897,
        27.90229085283407,
        25.758723034467252,
        14.046718538237435,
        34.676118560537255
      ],
      "processing_time_ms": 0.0629425048828125,
      "response": "AI processing complete for: Performance optimization techn..."
    }
  ],
  "performance_summary": {
    "avg_processing_time_ms": 0.1621723175048828,
    "total_processing_time_ms": 0.8108615875244141,
    "memory_growth_mb": 0.0,
    "cpu_utilization_percent": 3.913259004605743e-09,
    "load_average": [
      6.3583984375,
      5.4892578125,
      5.10107421875
    ],
    "total_requests": 5
  },
  "recommendations": [
    "\ud83d\udfe2 CPU usage is optimal",
    "\ud83d\udfe2 Memory usage is optimal",
    "\ud83d\udfe2 Processing time is optimal"
  ]
}